<?xml version="1.0" encoding="UTF-8"?>
<metadata xml:lang="en"><Esri><CreaDate>20190315</CreaDate><CreaTime>10050100</CreaTime><ArcGISFormat>1.0</ArcGISFormat><SyncOnce>FALSE</SyncOnce><DataProperties><itemProps><itemName Sync="TRUE">AtmosN.img</itemName><itemLocation><linkage Sync="TRUE">file://E:\SNPLMA3\core7_LTB_scen\problem_area\AtmosN.img</linkage><protocol Sync="TRUE">Local Area Network</protocol></itemLocation><imsContentType Sync="TRUE">002</imsContentType><nativeExtBox><westBL Sync="TRUE">235870.045884</westBL><eastBL Sync="TRUE">237970.045884</eastBL><southBL Sync="TRUE">4295393.079509</southBL><northBL Sync="TRUE">4297393.079509</northBL><exTypeCode Sync="TRUE">1</exTypeCode></nativeExtBox></itemProps><RasterProperties><General><PixelDepth Sync="TRUE">64</PixelDepth><HasColormap Sync="TRUE">FALSE</HasColormap><CompressionType Sync="TRUE">RLE</CompressionType><NumBands Sync="TRUE">1</NumBands><Format Sync="TRUE">IMAGINE Image</Format><HasPyramids Sync="TRUE">TRUE</HasPyramids><SourceType Sync="TRUE">continuous</SourceType><PixelType Sync="TRUE">double precision</PixelType><NoDataValue Sync="TRUE">0</NoDataValue></General></RasterProperties><lineage><Process Name="Clip" ToolSource="c:\program files (x86)\arcgis\desktop10.5\ArcToolbox\Toolboxes\Data Management Tools.tbx\Clip" Date="20190315" Time="100501">Clip "E:\SNPLMA3\core7_LTB_scen\Scenario1 - v6 - 2-1\AtmosN.img" "235959.151574646 4295400.2991805 237938.986364224 4297310.36005678" E:\SNPLMA3\core7_LTB_scen\problem_area\AtmosN.img problem_area_somtc 0 ClippingGeometry NO_MAINTAIN_EXTENT</Process></lineage></DataProperties><SyncDate>20190315</SyncDate><SyncTime>10050100</SyncTime><ModDate>20190315</ModDate><ModTime>10050100</ModTime></Esri><dataIdInfo><envirDesc Sync="TRUE"> Version 6.2 (Build 9200) ; Esri ArcGIS 10.5.1.7333</envirDesc><dataLang><languageCode value="eng" Sync="TRUE"></languageCode><countryCode value="USA" Sync="TRUE"></countryCode></dataLang><idCitation><resTitle Sync="TRUE">AtmosN.img</resTitle><presForm><PresFormCd value="005" Sync="TRUE"></PresFormCd></presForm></idCitation><spatRpType><SpatRepTypCd value="002" Sync="TRUE"></SpatRepTypCd></spatRpType></dataIdInfo><mdLang><languageCode value="eng" Sync="TRUE"></languageCode><countryCode value="USA" Sync="TRUE"></countryCode></mdLang><mdChar><CharSetCd value="004" Sync="TRUE"></CharSetCd></mdChar><distInfo><distFormat><formatName Sync="TRUE">Raster Dataset</formatName></distFormat></distInfo><mdHrLv><ScopeCd value="005" Sync="TRUE"></ScopeCd></mdHrLv><mdHrLvName Sync="TRUE">dataset</mdHrLvName><spatRepInfo><Georect><cellGeo><CellGeoCd Sync="TRUE" value="002"></CellGeoCd></cellGeo><numDims Sync="TRUE">2</numDims><tranParaAv Sync="TRUE">1</tranParaAv><chkPtAv Sync="TRUE">0</chkPtAv><cornerPts><pos Sync="TRUE">235870.045884 4295393.079509</pos></cornerPts><cornerPts><pos Sync="TRUE">235870.045884 4297393.079509</pos></cornerPts><cornerPts><pos Sync="TRUE">237970.045884 4297393.079509</pos></cornerPts><cornerPts><pos Sync="TRUE">237970.045884 4295393.079509</pos></cornerPts><centerPt><pos Sync="TRUE">236920.045884 4296393.079509</pos></centerPt><axisDimension type="002"><dimSize Sync="TRUE">21</dimSize><dimResol><value Sync="TRUE">100.000000</value></dimResol></axisDimension><axisDimension type="001"><dimSize Sync="TRUE">20</dimSize><dimResol><value Sync="TRUE">100.000000</value></dimResol></axisDimension><ptInPixel><PixOrientCd Sync="TRUE" value="001"></PixOrientCd></ptInPixel></Georect></spatRepInfo><contInfo><ImgDesc><contentTyp><ContentTypCd Sync="TRUE" value="001"></ContentTypCd></contentTyp><covDim><Band><dimDescrp Sync="TRUE">Layer_1</dimDescrp><maxVal Sync="TRUE">0.005000</maxVal><minVal Sync="TRUE">0.005000</minVal><bitsPerVal Sync="TRUE">64</bitsPerVal></Band></covDim></ImgDesc></contInfo><mdDateSt Sync="TRUE">20190315</mdDateSt></metadata>
