<PAMDataset>
  <Metadata>
    <MDI key="DataType">Generic</MDI>
  </Metadata>
  <Metadata domain="Esri">
    <MDI key="PyramidResamplingType">NEAREST</MDI>
  </Metadata>
  <PAMRasterBand band="1">
    <Histograms>
      <HistItem>
        <HistMin>1271.509033203125</HistMin>
        <HistMax>9639.4736328125</HistMax>
        <BucketCount>256</BucketCount>
        <IncludeOutOfRange>1</IncludeOutOfRange>
        <Approximate>0</Approximate>
        <HistCounts>3|0|0|0|0|0|0|0|0|0|0|0|0|0|0|0|0|0|0|0|0|0|0|0|4|0|5|0|0|0|0|0|0|0|0|0|6|6|6|4|0|0|0|0|0|0|0|0|0|2|0|0|0|0|0|0|7|4|0|0|0|0|9|0|1|0|0|0|0|0|0|3|0|2|0|7|0|4|0|0|0|0|0|6|0|2|0|0|0|0|0|4|0|4|0|0|4|0|4|4|0|8|0|0|6|0|2|0|0|6|0|0|0|0|9|0|0|14|0|0|0|11|13|0|12|6|7|0|18|4|0|0|6|9|6|15|13|0|8|10|0|6|6|0|0|0|0|7|2|0|0|0|0|11|6|0|0|0|0|0|0|0|4|9|8|0|0|7|0|0|0|0|0|0|2|0|0|0|0|0|0|0|0|0|0|0|8|0|0|0|0|0|0|0|0|0|0|0|0|10|0|0|0|0|0|0|0|0|0|0|0|0|0|0|0|0|0|0|0|0|0|0|0|0|0|0|0|0|0|0|0|0|0|0|0|0|0|0|0|0|0|0|0|0|0|0|0|0|0|0|0|0|0|0|0|10</HistCounts>
      </HistItem>
    </Histograms>
    <Metadata>
      <MDI key="RepresentationType">ATHEMATIC</MDI>
      <MDI key="STATISTICS_COVARIANCES">2306530.285472037</MDI>
      <MDI key="STATISTICS_MAXIMUM">9639.4736328125</MDI>
      <MDI key="STATISTICS_MEAN">5230.2981368215</MDI>
      <MDI key="STATISTICS_MINIMUM">1271.5090332031</MDI>
      <MDI key="STATISTICS_SKIPFACTORX">1</MDI>
      <MDI key="STATISTICS_SKIPFACTORY">1</MDI>
      <MDI key="STATISTICS_STDDEV">1518.7265341305</MDI>
    </Metadata>
  </PAMRasterBand>
</PAMDataset>
