<PAMDataset>
  <Metadata>
    <MDI key="DataType">Generic</MDI>
  </Metadata>
  <Metadata domain="Esri">
    <MDI key="PyramidResamplingType">NEAREST</MDI>
  </Metadata>
  <PAMRasterBand band="1">
    <Description>Layer_1</Description>
    <Metadata domain="IMAGE_STRUCTURE">
      <MDI key="COMPRESSION">RLE</MDI>
    </Metadata>
    <Metadata>
      <MDI key="LAYER_TYPE">athematic</MDI>
      <MDI key="RepresentationType">THEMATIC</MDI>
      <MDI key="STATISTICS_MAXIMUM">313</MDI>
      <MDI key="STATISTICS_MEAN">211.63157894737</MDI>
      <MDI key="STATISTICS_MINIMUM">48</MDI>
      <MDI key="STATISTICS_SKIPFACTORX">1</MDI>
      <MDI key="STATISTICS_SKIPFACTORY">1</MDI>
      <MDI key="STATISTICS_STDDEV">73.867249198117</MDI>
    </Metadata>
  </PAMRasterBand>
</PAMDataset>
